{
    "Player": {
        "ArmL Translation": [
            0.0,
            0.0,
            0.0
        ],
        "ArmR Translation": [
            0.0,
            0.0,
            0.0
        ],
        "Head Translation": [
            0.0,
            -0.4000000059604645,
            0.0
        ],
        "Test": -42,
        "floatingAmplitude": 0.4000000059604645
    }
}
