{
    "Player": {
        "ArmL Translation": [
            0.0,
            0.0,
            0.0
        ],
        "ArmR Translation": [
            0.0,
            0.0,
            0.0
        ],
        "DashSpeed": 1.0,
        "GravityAcceleration": 0.10000000149011612,
        "Head Translation": [
            0.0,
            -0.4000000059604645,
            0.0
        ],
        "JumpFirstSpeed": 1.2999999523162842,
        "floatingAmplitude": 0.4000000059604645
    }
}
